modelEntityId,gene,isUniProtReferenceProteome,isUniProtReviewed,sequenceChecksum,sequenceVersionDate,uniprotAccession,uniprotId,uniprotDescription,taxId,organismScientificName,globalMetricValue,sequenceStart,sequenceEnd,sequence,modelCreatedDate,organismCommonNames,latestVersion,allVersions,organismScientificNameT,_version_,geneSynonyms,proteinFullNames,proteinShortNames
AF-P01275-F1,GCG,true,true,7A99EEC629B2862C,2007-02-06T00:00:00Z,P01275,GLUC_HUMAN,Pro-glucagon,9606,Homo sapiens,69.23,1,180,MKSIYFVAGLFVMLVQGSWQRSLQDTEEKSRSFSASQADPLSDPDQMNEDKRHSQGTFTSDYSKYLDSRRAQDFVQWLMNTKRNRNNIAKRHDEFERHAEGTFTSDVSSYLEGQAAKEFIAWLVKGRGRRDFPEEVAIVEELGRRHADGSFSDEMNTILDNLAARDFINWLIQTKITDRK,2022-06-01T00:00:00Z,Human,4,"1,2,3,4",Homo sapiens,1839060437665054720,,,
AF-P01272-F1,GCG,true,true,8D9B4FF05B9F15FF,1987-08-13T00:00:00Z,P01272,GLUC_BOVIN,Pro-glucagon,9913,Bos taurus,68.04,1,180,MKSLYFVAGLFVMLVQGSWQRSLQNTEEKSSSFPAPQTDPLGDPDQINEDKRHSQGTFTSDYSKYLDSRRAQDFVQWLMNTKRNKNNIAKRHDEFERHAEGTFTSDVSSYLEGQAAKEFIAWLVKGRGRRDFPEEVNIVEELRRRHADGSFSDEMNTVLDSLATRDFINWLLQTKITDRK,2022-06-01T00:00:00Z,Bovine,4,"2,3,4",Bos taurus,1839003194000146434,,,
AF-P06883-F1,Gcg,true,true,76931409D03C7978,1988-01-01T00:00:00Z,P06883,GLUC_RAT,Pro-glucagon,10116,Rattus norvegicus,68.56,1,180,MKTVYIVAGLFVMLVQGSWQHAPQDTEENARSFPASQTEPLEDPDQINEDKRHSQGTFTSDYSKYLDSRRAQDFVQWLMNTKRNRNNIAKRHDEFERHAEGTFTSDVSSYLEGQAAKEFIAWLVKGRGRRDFPEEVAIAEELGRRHADGSFSDEMNTILDNLATRDFINWLIQTKITDKK,2022-06-01T00:00:00Z,Rat,4,"1,2,3,4",Rattus norvegicus,1838994185993060357,,,
AF-P55095-F1,Gcg,true,true,595AA6DD9A589950,1996-10-01T00:00:00Z,P55095,GLUC_MOUSE,Pro-glucagon,10090,Mus musculus,68.8,1,180,MKTIYFVAGLLIMLVQGSWQHALQDTEENPRSFPASQTEAHEDPDEMNEDKRHSQGTFTSDYSKYLDSRRAQDFVQWLMNTKRNRNNIAKRHDEFERHAEGTFTSDVSSYLEGQAAKEFIAWLVKGRGRRDFPEEVAIAEELGRRHADGSFSDEMSTILDNLATRDFINWLIQTKITDKK,2022-06-01T00:00:00Z,Mouse,4,"1,2,3,4",Mus musculus,1839002359150149635,,,
AF-P01274-F1,GCG,true,true,362997AB72197EE6,2004-03-29T00:00:00Z,P01274,GLUC_PIG,Pro-glucagon,9823,Sus scrofa,68.22,1,180,MKTIYFVAGLFVMLVQGSWQRSLQNTEEKSRSFPAPQTDPLDDPDQMTEDKRHSQGTFTSDYSKYLDSRRAQDFVQWLMNTKRNKNNIAKRHDEFERHAEGTFTSDVSSYLEGQAAKEFIAWLVKGRGRRDFPEEVTIVEELRRRHADGSFSDEMNTVLDNLATRDFINWLLHTKITDSL,2022-06-01T00:00:00Z,Pig,4,"2,3,4",Sus scrofa,1838996747235360771,,,
AF-P68259-F1,GCG,true,true,AB299E1B02FC6AA4,2004-10-25T00:00:00Z,P68259,GLUC_CHICK,Pro-glucagon,9031,Gallus gallus,63.71,1,206,MKMKSIYFIAGLLLMIVQGSWQNPLQDTEEKSRSFKASQSEPLDESRQLNEVKRHSQGTFTSDYSKYLDSRRAQDFVQWLMSTKRNGQQGQEDKENDKFPDQLSSNAISKRHSEFERHAEGTYTSDITSYLEGQAAKEFIAWLVNGRGRRDFPEKALMAEEMGRRHADGTFTSDINKILDDMAAKEFLKWLINTKVTQRDLLGEYQ,2022-06-01T00:00:00Z,Chicken,4,"2,3,4",Gallus gallus,1838996834779922437,,,
AF-P79695-F1,gcg,true,true,5C1D4BEC1D26B9C6,1997-05-01T00:00:00Z,P79695,GLUC_CARAU,Pro-glucagon,7957,Carassius auratus,72.33,1,121,MKGAQYLAGLLLLLFVQNSICVPLQDYHTSTETVEGLLARGQGFTTAKRHSEGTFSNDYSKYLETRRAQDFVEWLMNSKSNGGSAKRHAEGTYTSDISSFLRDQAAQNFVAWLKSGQPKQE,2022-06-01T00:00:00Z,Goldfish,4,"2,3,4",Carassius auratus,1838998035707723778,,,
AF-Q8MJ25-F1,GCG,true,true,13174039BD6CE2B3,2002-10-01T00:00:00Z,Q8MJ25,GLUC_SHEEP,Pro-glucagon,9940,Ovis aries,68.1,1,176,MKSLYFVAGLLVMLAQGSWQHSLQNTEEKSSSFPAPQTDPLGDPDQISEDKRHSQGTFTSDYSKYLDSRRAQDFVQWLMNTKRNKNNIAKRHDEFERHAEGTFTSDVSSYLEGQAAKEFIAWLVKGRGRRDFPEEVNIVEELRRRHADGSFSDEMNTVLDSLATRDFINWLLQTKI,2022-06-01T00:00:00Z,Sheep,4,"2,3,4",Ovis aries,1838999116559941636,,,
AF-O12956-F1,GCG,false,true,B132E3FE46873E72,1997-07-01T00:00:00Z,O12956,GLUC_HELSU,Pro-glucagon,8554,Heloderma suspectum,62.53,1,204,MTSMYFVAGLLLMIVQGSWQSPLQETEEKSRSFKASQAEPLDDSRQLNEVKRHSQGTFTSDYSKYLDTRRAQDFVQWLMNTKRSGQQGVEEREKENLLDQLSSNGLARHHAEYERHADGRYTSDISSYLEGQAAKEFIAWLVNGRGRRDFLEEAGTADDIGRRHADGTFTSDYNQLLDDIATQEFLKWLINQKVTQRDLLGEYQ,2022-06-01T00:00:00Z,Gila monster,4,"2,3,4",Heloderma suspectum,1838993388705153033,,,
AF-P05110-F1,GCG,true,true,702FB181161D2776,1987-08-13T00:00:00Z,P05110,GLUC_CAVPO,Pro-glucagon,10141,Cavia porcellus,68.53,1,180,MKSVYFVAGLFIMLAQGSWQRSLQDTEEKPRSVSASQTDMLDDPDQMNEDKRHSQGTFTSDYSKYLDSRRAQQFLKWLLNVKRNRNNIAKRHDEFERHAEGTFTSDVSSYLEGQAAKEFIAWLVKGRGRRDFPEEVAIVEELGRRHADGSFSDEMNTILDNLATRDFINWLIQTKITDRK,2022-06-01T00:00:00Z,Guinea pig,4,"2,3,4",Cavia porcellus,1838992141503692801,,,
AF-P01273-F1,GCG,true,true,02791B49D7AADD4B,1996-02-01T00:00:00Z,P01273,GLUC_MESAU,Pro-glucagon,10036,Mesocricetus auratus,68.2,1,180,MKNIYIVAGFFVVLVQGSWQHSLQDTEEKSRSFPASQTDPLEDPDQINEDKRHSQGTFTSDYSKYLDSRRAQDFVQWLMNTKRNRNNIAKRHDEFERHAEGTFTSDVSSYLEGQAAKEFIAWLVKGRGRRDFPEEVTIVEELGRRHADGSFSDEMNTILDSLATRDFINWLIQTKITDKK,2022-06-01T00:00:00Z,Golden hamster,4,"2,3,4",Mesocricetus auratus,1839004073149333505,,,
AF-P22890-F1,GCG,true,true,6E8836160A9A3051,1991-08-01T00:00:00Z,P22890,GLUC_OCTDE,Pro-glucagon,10160,Octodon degus,68.12,1,180,MKSIYFVAGLFVMLVQGSWQHPLQDTEEKPRSFSTSQTDLLDDPDQMNEDKRHSQGTFTSDYSKFLDTRRAQDFLDWLKNTKRNRNEIAKRHDEFERHAEGTFTSDVSSYLEGQAAKEFIAWLVKGRGRRDFPEEVTIVEELRRRHADGSFSDEMNTVLDHLATKDFINWLIQTKITDRK,2022-06-01T00:00:00Z,Degu,4,"2,3,4",Octodon degus,1838998166837395456,,,
AF-P29794-F1,GCG,true,true,80F66941AFC324FD,2004-03-15T00:00:00Z,P29794,GLUC_CANLF,Pro-glucagon,9615,Canis lupus familiaris,68.16,1,180,MKSIYFVAGLFVMLVQGSWQRSLQDTEEKSRSFSAPQTEPLNDLDQMNEDKRHSQGTFTSDYSKYLDSRRAQDFVQWLMNTKRNKNNIAKRHDEFERHAEGTFTSDVSSYLEGQAAKEFIAWLVKGRGRRDFPEEVAIVEEFRRRHADGSFSDEMNTVLDTLATRDFINWLLQTKITDRK,2022-06-01T00:00:00Z,Dog,4,"2,3,4",Canis lupus familiaris,1839001228077432837,,,
AF-A0A6J2HQF3-F1,GCG,true,false,55AB305A9631EBD8,2020-10-07T00:00:00Z,A0A6J2HQF3,A0A6J2HQF3_9PASS,pro-glucagon,649802,Pipra filicauda (Wire-tailed manakin),61.22,1,206,MKMKSIYFVAGLLLMIVQGSWQNPLQETEEKSRSFKASQSEPLDESRQPNEVKRHSQGTFTSDYSKYLDTRRAQDFVQWLMSTKRNGQQGQEDKENDKVPDQLSSNAISKRHAEFERHAEGTYTSDITSYLEGQAAKEFIAWLVNGRGRRDFPEKALVAEEMGRRHADGTFTSDINKVLDDMAAKEFLKWLINTKVTQRDLLEEYQ,2022-06-01T00:00:00Z,,4,"3,4",Pipra filicauda (Wire-tailed manakin),1838993324746211333,,,
